<?xml version="1.0" encoding="UTF-8"?>
<adapters><adapter id="99999" name="EA99999" protocol="0.1" registered="false" firmware="0.0"><server name="production" ip="10.1.0.1" port="9092" db="home4prod"/><sensors><sensor id="1677721602"><name>Pressure</name><refresh>5</refresh><signal>83</signal><battery>91</battery><icon>Pressure</icon><header_color>#DB8FFF</header_color><values><value type="Pressure" name="PressureNormal" store_history="true" generate_value="true"><initial_value>995</initial_value><generator type="ND" seed="1424448102358"><params min="930.0" max="1080.0" dev="5.0" avg="995.0"/></generator></value><value type="Pressure" name="PressureLinear" store_history="true" generate_value="true"><initial_value>995</initial_value><generator type="LD" seed="1424448102363"><params min="930.0" max="1080.0" step="20.0"/></generator></value></values></sensor><sensor id="1677721603"><name>Emissions</name><refresh>5</refresh><signal>68</signal><battery>80</battery><icon>Emissions</icon><header_color>#FFFF81</header_color><values><value type="Emissions" name="EmissionsNormal" store_history="true" generate_value="true"><initial_value>320</initial_value><generator type="ND" seed="1424448182981"><params min="0.0" max="2000.0" dev="5.0" avg="320.0"/></generator></value><value type="Emissions" name="EmissionsLinear" store_history="true" generate_value="true"><initial_value>320</initial_value><generator type="LD" seed="1424448199418"><params min="0.0" max="2000.0" step="20.0"/></generator></value></values></sensor><sensor id="1677721604"><name>Humidity</name><refresh>5</refresh><signal>38</signal><battery>53</battery><icon>Humidity</icon><header_color>#65C2FF</header_color><values><value type="Humidity" name="HumidityNormal" store_history="false" generate_value="true"><initial_value>55</initial_value><generator type="ND" seed="1424448306967"><params min="0.0" max="100.0" dev="1.0" avg="55.0"/></generator></value><value type="Humidity" name="HumidityLinear" store_history="false" generate_value="true"><initial_value>55</initial_value><generator type="LD" seed="1424448318987"><params min="0.0" max="100.0" step="5.0"/></generator></value></values></sensor><sensor id="1677721605"><name>Temperature</name><refresh>5</refresh><signal>81</signal><battery>89</battery><icon>Temperature</icon><header_color>#0CDF56</header_color><values><value type="Temperature" name="TempNormal" store_history="false" generate_value="true"><initial_value>20.34</initial_value><generator type="ND" seed="1424448411928"><params min="-50.0" max="50.0" dev="0.5" avg="20.12"/></generator></value><value type="Temperature" name="TempLinear" store_history="false" generate_value="true"><initial_value>10.0</initial_value><generator type="LD" seed="1424448411928"><params min="-50.0" max="42.0" step="1.0"/></generator></value></values></sensor><sensor id="1677721606"><name>Noise intensity</name><refresh>5</refresh><signal>76</signal><battery>91</battery><icon>Noise intensity</icon><header_color>#CCFFCC</header_color><values><value type="Noise" name="NoiseNormal" store_history="false" generate_value="true"><initial_value>30.0</initial_value><generator type="ND" seed="1424449047024"><params min="30.0" max="130.0" dev="1.0" avg="30.0"/></generator></value><value type="Noise" name="NoiseLinear" store_history="false" generate_value="true"><initial_value>30.0</initial_value><generator type="LD" seed="1424449058354"><params min="30.0" max="130.0" step="2.0"/></generator></value></values></sensor><sensor id="1677721607"><name>Light intensity</name><refresh>5</refresh><signal>82</signal><battery>92</battery><icon>Light intensity</icon><header_color>#FFE037</header_color><values><value type="Light" name="LightNormal" store_history="false" generate_value="true"><initial_value>400.0</initial_value><generator type="ND" seed="1424449329468"><params min="0.0" max="20000.0" dev="20.0" avg="400.0"/></generator></value><value type="Light" name="LightLinear" store_history="false" generate_value="true"><initial_value>400.0</initial_value><generator type="LD" seed="1424449339872"><params min="0.0" max="20000.0" step="20.0"/></generator></value></values></sensor><sensor id="1677721608"><name>On/Off/Open/Closed</name><refresh>1</refresh><signal>90</signal><battery>95</battery><icon>Window</icon><header_color>#FFCCE6</header_color><values><value type="On/Off Sensor" name="On/Off Generated" store_history="false" generate_value="true"><initial_value>false</initial_value><generator type="BR" seed="1424510772106"><params probability="0.08"/></generator></value><value type="Open/Closed Sensor" name="Open/Closed Gen" store_history="false" generate_value="true"><initial_value>false</initial_value><generator type="BR" seed="1424510792947"><params probability="0.03"/></generator></value></values></sensor><sensor id="1677721856"><name>Multisensor</name><refresh>1</refresh><signal>90</signal><battery>95</battery><icon>Multisensor</icon><header_color>#99B3FF</header_color><values><value type="Temperature" name="Temperature" store_history="false" generate_value="true"><initial_value>25.5</initial_value><generator type="ND" seed="1424693906188"><params min="-50.0" max="50.0" dev="0.5" avg="25.5"/></generator></value><value type="Noise" name="Noise" store_history="false" generate_value="true"><initial_value>30.0</initial_value><generator type="ND" seed="1424693906188"><params min="30.0" max="130.0" dev="1.0" avg="30.0"/></generator></value><value type="Light" name="Light" store_history="false" generate_value="true"><initial_value>400.0</initial_value><generator type="ND" seed="1424693906188"><params min="0.0" max="20000.0" dev="20.0" avg="400.0"/></generator></value><value type="Emissions" name="Emissions" store_history="false" generate_value="true"><initial_value>320</initial_value><generator type="ND" seed="1424693906188"><params min="0.0" max="2000.0" dev="5.0" avg="320.0"/></generator></value><value type="Pressure" name="Pressure" store_history="false" generate_value="true"><initial_value>995</initial_value><generator type="ND" seed="1424693906188"><params min="930.0" max="1080.0" dev="5.0" avg="995.0"/></generator></value><value type="Humidity" name="Humidity" store_history="false" generate_value="true"><initial_value>55</initial_value><generator type="ND" seed="1424693906188"><params min="0.0" max="100.0" dev="1.0" avg="55.0"/></generator></value><value type="On/Off Sensor" name="On/Off Sensor" store_history="false" generate_value="true"><initial_value>false</initial_value><generator type="BR" seed="1424693906188"><params probability="0.06"/></generator></value><value type="Open/Closed Sensor" name="Open/Closed Sensor" store_history="false" generate_value="true"><initial_value>false</initial_value><generator type="BR" seed="1424693906188"><params probability="0.13"/></generator></value><value type="On/Off Actuator" name="On/Off Actuator" store_history="false" generate_value="true"><initial_value>false</initial_value><generator type="BR" seed="1424693906188"><params probability="0.09"/></generator></value></values></sensor></sensors></adapter></adapters>